-- phpMyAdmin SQL Dump
-- version 5.2.1
-- https://www.phpmyadmin.net/
--
-- Host: localhost
-- Generation Time: Jun 16, 2024 at 05:05 PM
-- Server version: 10.11.8-MariaDB-ubu2204
-- PHP Version: 8.0.30

SET SQL_MODE = "NO_AUTO_VALUE_ON_ZERO";
START TRANSACTION;
SET time_zone = "+00:00";


/*!40101 SET @OLD_CHARACTER_SET_CLIENT=@@CHARACTER_SET_CLIENT */;
/*!40101 SET @OLD_CHARACTER_SET_RESULTS=@@CHARACTER_SET_RESULTS */;
/*!40101 SET @OLD_COLLATION_CONNECTION=@@COLLATION_CONNECTION */;
/*!40101 SET NAMES utf8mb4 */;

--
-- Database: `zeps_maji`
--

-- --------------------------------------------------------

--
-- Table structure for table `failed_jobs`
--

CREATE TABLE `failed_jobs` (
  `id` bigint(20) UNSIGNED NOT NULL,
  `uuid` varchar(191) NOT NULL,
  `connection` text NOT NULL,
  `queue` text NOT NULL,
  `payload` longtext NOT NULL,
  `exception` longtext NOT NULL,
  `failed_at` timestamp NOT NULL DEFAULT current_timestamp()
) ENGINE=MyISAM DEFAULT CHARSET=utf8mb4 COLLATE=utf8mb4_unicode_ci;

-- --------------------------------------------------------

--
-- Table structure for table `migrations`
--

CREATE TABLE `migrations` (
  `id` int(10) UNSIGNED NOT NULL,
  `migration` varchar(191) NOT NULL,
  `batch` int(11) NOT NULL
) ENGINE=MyISAM DEFAULT CHARSET=utf8mb4 COLLATE=utf8mb4_unicode_ci;

--
-- Dumping data for table `migrations`
--

INSERT INTO `migrations` (`id`, `migration`, `batch`) VALUES
(1, '2014_10_12_000000_create_users_table', 1),
(2, '2014_10_12_100000_create_password_reset_tokens_table', 1),
(3, '2019_08_19_000000_create_failed_jobs_table', 1),
(4, '2019_12_14_000001_create_personal_access_tokens_table', 1),
(5, '2024_05_14_222808_create_user_watters_table', 1),
(6, '2024_05_14_222818_create_user_orders_table', 1),
(7, '2024_05_14_222909_create_user_watter_usages_table', 1),
(8, '2014_10_12_100000_create_password_resets_table', 2),
(9, '2024_05_15_194045_add_dt_to_user_watters_table', 2),
(10, '2024_05_15_211308_add_phone_to_users_table', 3);

-- --------------------------------------------------------

--
-- Table structure for table `password_resets`
--

CREATE TABLE `password_resets` (
  `email` varchar(191) NOT NULL,
  `token` varchar(191) NOT NULL,
  `created_at` timestamp NULL DEFAULT NULL
) ENGINE=MyISAM DEFAULT CHARSET=utf8mb4 COLLATE=utf8mb4_unicode_ci;

-- --------------------------------------------------------

--
-- Table structure for table `password_reset_tokens`
--

CREATE TABLE `password_reset_tokens` (
  `email` varchar(191) NOT NULL,
  `token` varchar(191) NOT NULL,
  `created_at` timestamp NULL DEFAULT NULL
) ENGINE=MyISAM DEFAULT CHARSET=utf8mb4 COLLATE=utf8mb4_unicode_ci;

-- --------------------------------------------------------

--
-- Table structure for table `personal_access_tokens`
--

CREATE TABLE `personal_access_tokens` (
  `id` bigint(20) UNSIGNED NOT NULL,
  `tokenable_type` varchar(191) NOT NULL,
  `tokenable_id` bigint(20) UNSIGNED NOT NULL,
  `name` varchar(191) NOT NULL,
  `token` varchar(64) NOT NULL,
  `abilities` text DEFAULT NULL,
  `last_used_at` timestamp NULL DEFAULT NULL,
  `expires_at` timestamp NULL DEFAULT NULL,
  `created_at` timestamp NULL DEFAULT NULL,
  `updated_at` timestamp NULL DEFAULT NULL
) ENGINE=MyISAM DEFAULT CHARSET=utf8mb4 COLLATE=utf8mb4_unicode_ci;

-- --------------------------------------------------------

--
-- Table structure for table `users`
--

CREATE TABLE `users` (
  `id` bigint(20) UNSIGNED NOT NULL,
  `name` varchar(191) NOT NULL,
  `email` varchar(191) NOT NULL,
  `password` varchar(191) NOT NULL,
  `is_admin` varchar(191) NOT NULL DEFAULT '0',
  `remember_token` varchar(100) DEFAULT NULL,
  `created_at` timestamp NULL DEFAULT NULL,
  `updated_at` timestamp NULL DEFAULT NULL,
  `phone` varchar(191) DEFAULT NULL
) ENGINE=MyISAM DEFAULT CHARSET=utf8mb4 COLLATE=utf8mb4_unicode_ci;

--
-- Dumping data for table `users`
--

INSERT INTO `users` (`id`, `name`, `email`, `password`, `is_admin`, `remember_token`, `created_at`, `updated_at`, `phone`) VALUES
(5, 'Abdul Issa', 'admin@admin.com', '$2y$12$98mysGw72kgfxFZ8nz6IseK9Ws0vxiSsU0jy4zbZql.6YVMTwMJKy', '1', 'vP51dNwPHzBCdTVulmPmBaHNLaQuJf60p0wgjTpdzfXRnXYsLX4YwqtpGbeV', '2024-05-15 18:33:38', '2024-05-15 18:33:46', NULL),
(6, 'Neema Kamogisha', 'group@gmail.com', '$2y$12$tyqfB5W551FfToOnkX1NKuWvXIGU87rMcru8cquK5ptAfdeS0oCM2', '0', 'sndU9cNWJ3wLQ4DmDKjXS0JzJQoP3wxxnpHY6N4NtHKxCjarjpS6wvGf0Mub', '2024-05-15 18:34:23', '2024-05-15 18:34:23', '0764007373'),
(7, 'JOSEPH SILAA', 'joseph@gmail.com', '$2y$12$IBgT2E1q9DTrf029hcc10..gMhAuIuMPii9VUlfiDQMnec.fs9psK', '0', NULL, '2024-05-16 10:54:00', '2024-05-16 10:54:00', '0712145886'),
(13, 'madam muro', 'muro@gmail', '$2y$12$9WcCOFj31kqLnzssc9n2OOoawYKTibVMWM0sh6Jny/7./fTsTXSn.', '0', NULL, '2024-05-28 14:16:35', '2024-05-28 14:16:35', '0762910065');

-- --------------------------------------------------------

--
-- Table structure for table `user_orders`
--

CREATE TABLE `user_orders` (
  `id` bigint(20) UNSIGNED NOT NULL,
  `user_id` bigint(20) UNSIGNED NOT NULL,
  `user_water_id` bigint(20) UNSIGNED NOT NULL,
  `reff` varchar(191) NOT NULL,
  `status` varchar(191) NOT NULL DEFAULT 'pending',
  `amount` varchar(191) NOT NULL,
  `phone` varchar(255) DEFAULT NULL,
  `quantiry` varchar(191) NOT NULL,
  `created_at` timestamp NULL DEFAULT NULL,
  `updated_at` timestamp NULL DEFAULT NULL
) ENGINE=MyISAM DEFAULT CHARSET=utf8mb4 COLLATE=utf8mb4_unicode_ci;

--
-- Dumping data for table `user_orders`
--

INSERT INTO `user_orders` (`id`, `user_id`, `user_water_id`, `reff`, `status`, `amount`, `phone`, `quantiry`, `created_at`, `updated_at`) VALUES
(1, 6, 8, '17159744492334', 'pending', '22500', '0752771650', '225', '2024-05-17 19:34:09', '2024-05-17 19:34:09'),
(2, 6, 8, '17159745752391', 'pending', '25500', '0752771680', '255', '2024-05-17 19:36:15', '2024-05-17 19:36:15'),
(3, 6, 8, '17159746681840', 'pending', '23000', '0752771650', '230', '2024-05-17 19:37:48', '2024-05-17 19:37:48'),
(4, 6, 8, '17159748551124', 'failed', '64500', '0752771650', '645', '2024-05-17 19:40:55', '2024-05-17 19:41:20'),
(5, 6, 8, '17159749167237', 'failed', '146500', '0752771650', '1465', '2024-05-17 19:41:56', '2024-05-17 19:42:19'),
(6, 6, 8, '17159752853124', 'failed', '60500', '0752771650', '605', '2024-05-17 19:48:05', '2024-05-17 19:48:26'),
(7, 6, 8, '17160158508879', 'failed', '500', '0752771650', '5', '2024-05-18 07:04:10', '2024-05-18 07:04:33'),
(8, 6, 8, '17160195038676', 'failed', '106000', '0752771650', '1060', '2024-05-18 08:05:03', '2024-05-18 08:07:24'),
(9, 6, 8, '17160244873806', 'pending', '38500', '0752771650', '385', '2024-05-18 09:28:07', '2024-05-18 09:28:07'),
(10, 6, 8, '17162213371685', 'pending', '500', '0712145886', '5', '2024-05-20 16:08:57', '2024-05-20 16:08:57'),
(11, 6, 8, '17162216179900', 'pending', '209500', '0712196582', '2095', '2024-05-20 16:13:37', '2024-05-20 16:13:37'),
(12, 6, 8, '17162376405629', 'failed', '43500', '0762856893', '435', '2024-05-20 20:40:40', '2024-05-20 20:43:23'),
(13, 6, 8, '17163050015913', 'pending', '86000', '0719932741', '860', '2024-05-21 15:23:21', '2024-05-21 15:23:21'),
(14, 6, 8, '17163836396687', 'pending', '500', '0712145886', '5', '2024-05-22 13:13:59', '2024-05-22 13:13:59'),
(15, 6, 8, '17164476788692', 'pending', '7500', '0719932771', '75', '2024-05-23 07:01:18', '2024-05-23 07:01:18'),
(16, 6, 8, '17168467542562', 'complete', '702', '0752771650', '390', '2024-05-28 00:52:34', '2024-05-28 00:53:01'),
(17, 12, 17, '17168850137573', 'pending', '459', '0764007373', '255', '2024-05-28 11:30:13', '2024-05-28 11:30:13'),
(18, 12, 17, '17168853167593', 'failed', '441', '0764007373', '245', '2024-05-28 11:35:16', '2024-05-28 11:35:53'),
(19, 13, 18, '17168951364836', 'pending', '1080', '0762910065', '600', '2024-05-28 14:18:56', '2024-05-28 14:18:56'),
(20, 6, 8, '17175075793501', 'pending', '657', '0719932771', '365', '2024-06-04 16:26:19', '2024-06-04 16:26:19'),
(21, 6, 8, '17175076614823', 'pending', '558', '0719932771', '310', '2024-06-04 16:27:41', '2024-06-04 16:27:41'),
(22, 6, 8, '17175076966832', 'failed', '2952', '0752771650', '1640', '2024-06-04 16:28:16', '2024-06-04 16:31:06'),
(23, 6, 8, '17175081428386', 'pending', '1584', '0712145886', '880', '2024-06-04 16:35:42', '2024-06-04 16:35:42'),
(24, 6, 8, '17175081791627', 'pending', '594', '0719932771', '330', '2024-06-04 16:36:19', '2024-06-04 16:36:19'),
(25, 6, 8, '17175082428450', 'complete', '1017', '0719932771', '565', '2024-06-04 16:37:22', '2024-06-04 16:37:45'),
(26, 6, 8, '17175692318726', 'pending', '4329', '0712145886', '2405', '2024-06-05 09:33:51', '2024-06-05 09:33:51'),
(27, 6, 8, '17175808037235', 'failed', '7668', '0762573916', '4260', '2024-06-05 12:46:43', '2024-06-05 12:49:59');

-- --------------------------------------------------------

--
-- Table structure for table `user_watters`
--

CREATE TABLE `user_watters` (
  `id` bigint(20) UNSIGNED NOT NULL,
  `user_id` bigint(20) UNSIGNED NOT NULL,
  `meter_no` varchar(191) NOT NULL,
  `active_tokens` varchar(191) DEFAULT NULL,
  `balance` varchar(191) NOT NULL DEFAULT '0',
  `remaining` varchar(191) NOT NULL DEFAULT '0',
  `created_at` timestamp NULL DEFAULT NULL,
  `updated_at` timestamp NULL DEFAULT NULL,
  `total` varchar(191) NOT NULL DEFAULT '0'
) ENGINE=MyISAM DEFAULT CHARSET=utf8mb4 COLLATE=utf8mb4_unicode_ci;

--
-- Dumping data for table `user_watters`
--

INSERT INTO `user_watters` (`id`, `user_id`, `meter_no`, `active_tokens`, `balance`, `remaining`, `created_at`, `updated_at`, `total`) VALUES
(1, 1, '654646564656', '87984644646', '77970.089', '2000', '2024-05-14 20:12:49', '2024-05-15 18:16:23', '0'),
(10, 5, '171579845559401', NULL, '3244.862', '0', '2024-05-15 18:40:55', '2024-05-27 15:16:28', '3374'),
(9, 5, '171579845262543', NULL, '0', '0', '2024-05-15 18:40:52', '2024-05-15 18:40:52', '0'),
(7, 5, '171579844783065', NULL, '0', '0', '2024-05-15 18:40:47', '2024-05-15 18:40:47', '0'),
(8, 6, '171579844940221', NULL, '1.667', '0', '2024-05-15 18:40:49', '2024-06-15 15:45:35', '19.962'),
(11, 6, '171579984824022', NULL, '0', '0', '2024-05-15 19:04:08', '2024-05-15 19:04:08', '0'),
(14, 5, '171681223195361', NULL, '0', '0', '2024-05-27 15:17:11', '2024-05-27 15:17:11', '0'),
(13, 7, '171585687744508', NULL, '0', '0', '2024-05-16 10:54:37', '2024-05-16 10:54:37', '0'),
(15, 8, '171681274188211', NULL, '0', '0', '2024-05-27 15:25:41', '2024-05-27 15:25:41', '0'),
(16, 11, '171687975469959', NULL, '1000', '0', '2024-05-28 10:02:34', '2024-05-29 00:24:41', '1000'),
(17, 12, '171688492795348', NULL, '700', '0', '2024-05-28 11:28:47', '2024-06-05 12:36:22', '700'),
(18, 13, '171689505459097', NULL, '0', '0', '2024-05-28 14:17:34', '2024-05-28 14:17:34', '0'),
(20, 11, '171693141871234', NULL, '0', '0', '2024-05-29 00:23:38', '2024-05-29 00:23:38', '0'),
(21, 16, '171700937077314', NULL, '0', '0', '2024-05-29 22:02:50', '2024-05-29 22:02:50', '0'),
(23, 19, '171766635632634', NULL, '2', '0', '2024-06-06 12:32:36', '2024-06-08 13:22:57', '2');

-- --------------------------------------------------------

--
-- Table structure for table `user_watter_usages`
--

CREATE TABLE `user_watter_usages` (
  `id` bigint(20) UNSIGNED NOT NULL,
  `user_id` bigint(20) UNSIGNED NOT NULL,
  `user_watter_id` bigint(20) UNSIGNED NOT NULL,
  `usage` varchar(191) NOT NULL,
  `created_at` timestamp NULL DEFAULT NULL,
  `updated_at` timestamp NULL DEFAULT NULL
) ENGINE=MyISAM DEFAULT CHARSET=utf8mb4 COLLATE=utf8mb4_unicode_ci;

--
-- Dumping data for table `user_watter_usages`
--

INSERT INTO `user_watter_usages` (`id`, `user_id`, `user_watter_id`, `usage`, `created_at`, `updated_at`) VALUES
(308, 5, 10, '1.085', '2024-05-16 14:07:20', '2024-05-16 14:07:20'),
(307, 5, 10, '1.281', '2024-05-16 14:07:13', '2024-05-16 14:07:13'),
(306, 5, 10, '1.057', '2024-05-16 14:07:06', '2024-05-16 14:07:06'),
(305, 5, 10, '1.156', '2024-05-16 14:06:49', '2024-05-16 14:06:49'),
(304, 5, 10, '1.537', '2024-05-16 14:03:19', '2024-05-16 14:03:19'),
(303, 5, 10, '1.075', '2024-05-16 14:02:53', '2024-05-16 14:02:53'),
(302, 5, 10, '1.186', '2024-05-16 14:02:48', '2024-05-16 14:02:48'),
(301, 5, 10, '1.003', '2024-05-16 14:02:44', '2024-05-16 14:02:44'),
(300, 5, 10, '1.174', '2024-05-16 14:02:33', '2024-05-16 14:02:33'),
(299, 5, 10, '1.079', '2024-05-16 14:02:29', '2024-05-16 14:02:29'),
(298, 5, 10, '1.013', '2024-05-16 14:02:26', '2024-05-16 14:02:26'),
(297, 5, 10, '1.142', '2024-05-16 14:02:23', '2024-05-16 14:02:23'),
(296, 5, 10, '1.163', '2024-05-16 14:02:19', '2024-05-16 14:02:19'),
(295, 5, 10, '1.1', '2024-05-16 14:02:14', '2024-05-16 14:02:14'),
(294, 5, 10, '1.177', '2024-05-16 14:02:08', '2024-05-16 14:02:08'),
(293, 5, 10, '1.226', '2024-05-16 14:02:03', '2024-05-16 14:02:03'),
(292, 5, 10, '1.537', '2024-05-16 14:01:49', '2024-05-16 14:01:49'),
(291, 5, 10, '1.2', '2024-05-16 14:01:38', '2024-05-16 14:01:38'),
(290, 5, 10, '1.257', '2024-05-16 11:16:53', '2024-05-16 11:16:53'),
(289, 5, 10, '1.342', '2024-05-16 11:16:04', '2024-05-16 11:16:04'),
(288, 5, 10, '1.338', '2024-05-16 11:16:01', '2024-05-16 11:16:01'),
(287, 5, 10, '1.09', '2024-05-16 11:15:55', '2024-05-16 11:15:55'),
(286, 5, 10, '1.082', '2024-05-16 11:15:51', '2024-05-16 11:15:51'),
(285, 5, 10, '1.342', '2024-05-16 11:15:48', '2024-05-16 11:15:48'),
(284, 5, 10, '1.534', '2024-05-16 11:14:52', '2024-05-16 11:14:52'),
(283, 5, 10, '1.198', '2024-05-15 19:01:30', '2024-05-15 19:01:30'),
(282, 5, 10, '1.742', '2024-05-15 19:01:28', '2024-05-15 19:01:28'),
(281, 5, 10, '1.708', '2024-05-15 19:01:25', '2024-05-15 19:01:25'),
(280, 5, 10, '1.249', '2024-05-15 19:01:12', '2024-05-15 19:01:12'),
(279, 5, 10, '1.044', '2024-05-15 18:58:43', '2024-05-15 18:58:43'),
(278, 5, 10, '1.553', '2024-05-15 18:58:34', '2024-05-15 18:58:34'),
(277, 1, 1, '1.109', '2024-05-15 18:16:23', '2024-05-15 18:16:23'),
(276, 1, 1, '1.583', '2024-05-15 18:16:21', '2024-05-15 18:16:21'),
(275, 1, 1, '1.327', '2024-05-15 18:16:18', '2024-05-15 18:16:18'),
(274, 1, 1, '1.389', '2024-05-15 18:16:16', '2024-05-15 18:16:16'),
(273, 1, 1, '1.415', '2024-05-15 18:16:13', '2024-05-15 18:16:13'),
(272, 1, 1, '1.027', '2024-05-15 18:15:54', '2024-05-15 18:15:54'),
(271, 1, 1, '1.388', '2024-05-15 18:00:41', '2024-05-15 18:00:41'),
(270, 1, 1, '1.05', '2024-05-15 17:51:25', '2024-05-15 17:51:25'),
(269, 1, 1, '1.037', '2024-05-15 17:51:23', '2024-05-15 17:51:23'),
(268, 1, 1, '1.256', '2024-05-15 17:51:11', '2024-05-15 17:51:11'),
(309, 5, 10, '1.174', '2024-05-16 15:51:53', '2024-05-16 15:51:53'),
(310, 5, 10, '1.142', '2024-05-16 15:51:56', '2024-05-16 15:51:56'),
(311, 5, 10, '1.234', '2024-05-16 15:52:00', '2024-05-16 15:52:00'),
(312, 5, 10, '1.439', '2024-05-16 15:52:03', '2024-05-16 15:52:03'),
(313, 5, 10, '1.09', '2024-05-16 15:52:07', '2024-05-16 15:52:07'),
(314, 5, 10, '1.004', '2024-05-16 15:52:10', '2024-05-16 15:52:10'),
(315, 5, 10, '1.001', '2024-05-16 15:52:15', '2024-05-16 15:52:15'),
(316, 5, 10, '1.051', '2024-05-16 15:52:18', '2024-05-16 15:52:18'),
(317, 5, 10, '1.373', '2024-05-16 15:52:20', '2024-05-16 15:52:20'),
(318, 5, 10, '1.572', '2024-05-16 15:52:25', '2024-05-16 15:52:25'),
(319, 5, 10, '1.814', '2024-05-16 15:52:29', '2024-05-16 15:52:29'),
(320, 5, 10, '1.199', '2024-05-16 15:52:33', '2024-05-16 15:52:33'),
(321, 5, 10, '1.041', '2024-05-16 15:52:37', '2024-05-16 15:52:37'),
(322, 5, 10, '1.048', '2024-05-16 15:52:40', '2024-05-16 15:52:40'),
(323, 5, 10, '1.048', '2024-05-16 17:02:47', '2024-05-16 17:02:47'),
(324, 5, 10, '1.887', '2024-05-16 17:02:52', '2024-05-16 17:02:52'),
(325, 5, 10, '1.829', '2024-05-16 17:03:53', '2024-05-16 17:03:53'),
(326, 5, 10, '1.502', '2024-05-16 17:03:57', '2024-05-16 17:03:57'),
(327, 5, 10, '1.099', '2024-05-16 17:04:00', '2024-05-16 17:04:00'),
(328, 5, 10, '1.042', '2024-05-16 17:04:03', '2024-05-16 17:04:03'),
(329, 5, 10, '1.505', '2024-05-16 17:04:08', '2024-05-16 17:04:08'),
(330, 5, 10, '1.361', '2024-05-16 17:04:13', '2024-05-16 17:04:13'),
(331, 5, 10, '1.188', '2024-05-16 17:04:26', '2024-05-16 17:04:26'),
(332, 5, 10, '1.421', '2024-05-16 17:04:30', '2024-05-16 17:04:30'),
(333, 5, 10, '1.299', '2024-05-16 17:04:33', '2024-05-16 17:04:33'),
(334, 5, 10, '1.206', '2024-05-16 17:04:37', '2024-05-16 17:04:37'),
(335, 5, 10, '1.23', '2024-05-16 17:04:41', '2024-05-16 17:04:41'),
(336, 5, 10, '1.335', '2024-05-16 17:04:44', '2024-05-16 17:04:44'),
(337, 5, 10, '1.125', '2024-05-16 17:04:48', '2024-05-16 17:04:48'),
(338, 5, 10, '1.033', '2024-05-16 17:04:50', '2024-05-16 17:04:50'),
(339, 5, 10, '1.408', '2024-05-16 17:04:53', '2024-05-16 17:04:53'),
(340, 5, 10, '1.111', '2024-05-16 17:04:57', '2024-05-16 17:04:57'),
(341, 5, 10, '1.057', '2024-05-16 17:05:00', '2024-05-16 17:05:00'),
(342, 5, 10, '1.12', '2024-05-16 17:05:03', '2024-05-16 17:05:03'),
(343, 5, 10, '1.386', '2024-05-16 17:05:18', '2024-05-16 17:05:18'),
(344, 5, 10, '1.78', '2024-05-16 17:05:22', '2024-05-16 17:05:22'),
(345, 5, 10, '1.638', '2024-05-16 17:05:26', '2024-05-16 17:05:26'),
(346, 5, 10, '1.636', '2024-05-16 17:05:31', '2024-05-16 17:05:31'),
(347, 5, 10, '1.488', '2024-05-16 17:05:36', '2024-05-16 17:05:36'),
(348, 5, 10, '1.141', '2024-05-16 17:05:40', '2024-05-16 17:05:40'),
(349, 5, 10, '1.31', '2024-05-16 17:05:53', '2024-05-16 17:05:53'),
(350, 5, 10, '1.344', '2024-05-16 17:05:57', '2024-05-16 17:05:57'),
(351, 5, 10, '1.848', '2024-05-16 17:06:03', '2024-05-16 17:06:03'),
(352, 5, 10, '1.605', '2024-05-16 17:06:07', '2024-05-16 17:06:07'),
(353, 5, 10, '1.042', '2024-05-16 17:06:12', '2024-05-16 17:06:12'),
(354, 5, 10, '1.023', '2024-05-16 17:06:15', '2024-05-16 17:06:15'),
(355, 5, 10, '1.057', '2024-05-16 17:06:18', '2024-05-16 17:06:18'),
(356, 5, 10, '1.54', '2024-05-16 17:06:22', '2024-05-16 17:06:22'),
(357, 5, 10, '1.071', '2024-05-16 17:06:25', '2024-05-16 17:06:25'),
(358, 5, 10, '1.355', '2024-05-16 18:52:28', '2024-05-16 18:52:28'),
(359, 5, 10, '1.204', '2024-05-16 18:52:33', '2024-05-16 18:52:33'),
(360, 5, 10, '1.18', '2024-05-16 18:52:38', '2024-05-16 18:52:38'),
(361, 5, 10, '1.06', '2024-05-16 18:52:43', '2024-05-16 18:52:43'),
(362, 5, 10, '1.318', '2024-05-16 18:52:48', '2024-05-16 18:52:48'),
(363, 5, 10, '1.024', '2024-05-16 18:52:52', '2024-05-16 18:52:52'),
(364, 5, 10, '1.039', '2024-05-16 18:53:01', '2024-05-16 18:53:01'),
(365, 5, 10, '1.043', '2024-05-16 18:53:04', '2024-05-16 18:53:04'),
(366, 5, 10, '1.1', '2024-05-16 18:53:08', '2024-05-16 18:53:08'),
(367, 5, 10, '1.764', '2024-05-16 18:53:15', '2024-05-16 18:53:15'),
(368, 5, 10, '1.749', '2024-05-16 18:53:21', '2024-05-16 18:53:21'),
(369, 5, 10, '1.036', '2024-05-16 18:53:25', '2024-05-16 18:53:25'),
(370, 5, 10, '1.342', '2024-05-16 18:53:29', '2024-05-16 18:53:29'),
(371, 5, 10, '1.263', '2024-05-16 18:53:33', '2024-05-16 18:53:33'),
(372, 5, 10, '1.41', '2024-05-16 18:53:38', '2024-05-16 18:53:38'),
(373, 5, 10, '1.108', '2024-05-16 18:53:42', '2024-05-16 18:53:42'),
(374, 5, 10, '1.521', '2024-05-16 18:53:47', '2024-05-16 18:53:47'),
(375, 5, 10, '1.647', '2024-05-16 18:53:52', '2024-05-16 18:53:52'),
(376, 5, 10, '1.089', '2024-05-16 18:53:54', '2024-05-16 18:53:54'),
(377, 5, 10, '1.061', '2024-05-17 12:55:37', '2024-05-17 12:55:37'),
(378, 5, 10, '1.258', '2024-05-17 12:56:42', '2024-05-17 12:56:42'),
(379, 6, 8, '1.14', '2024-05-17 13:34:07', '2024-05-17 13:34:07'),
(380, 6, 8, '1.02', '2024-05-17 13:34:19', '2024-05-17 13:34:19'),
(381, 6, 8, '1.023', '2024-05-17 13:35:05', '2024-05-17 13:35:05'),
(382, 6, 8, '1.039', '2024-05-17 13:37:24', '2024-05-17 13:37:24'),
(383, 6, 8, '1.056', '2024-05-17 13:37:40', '2024-05-17 13:37:40'),
(384, 6, 8, '1.091', '2024-05-17 13:38:07', '2024-05-17 13:38:07'),
(385, 6, 8, '1.283', '2024-05-17 14:18:13', '2024-05-17 14:18:13'),
(386, 6, 8, '1.09', '2024-05-17 14:19:34', '2024-05-17 14:19:34'),
(387, 6, 8, '1.163', '2024-05-17 14:28:46', '2024-05-17 14:28:46'),
(388, 6, 8, '1.174', '2024-05-17 14:29:20', '2024-05-17 14:29:20'),
(389, 6, 8, '1.182', '2024-05-17 14:31:05', '2024-05-17 14:31:05'),
(390, 6, 8, '1.273', '2024-05-17 14:31:18', '2024-05-17 14:31:18'),
(391, 6, 8, '1.087', '2024-05-17 14:31:28', '2024-05-17 14:31:28'),
(392, 6, 8, '1.002', '2024-05-17 14:31:51', '2024-05-17 14:31:51'),
(393, 6, 8, '1.31', '2024-05-17 14:32:03', '2024-05-17 14:32:03'),
(394, 6, 8, '1.079', '2024-05-17 14:33:09', '2024-05-17 14:33:09'),
(395, 6, 8, '1.209', '2024-05-17 14:35:06', '2024-05-17 14:35:06'),
(396, 6, 8, '1.026', '2024-05-17 14:35:33', '2024-05-17 14:35:33'),
(397, 6, 8, '1.524', '2024-05-17 14:35:45', '2024-05-17 14:35:45'),
(398, 6, 8, '1.173', '2024-05-17 14:36:50', '2024-05-17 14:36:50'),
(399, 6, 8, '1.029', '2024-05-17 14:36:58', '2024-05-17 14:36:58'),
(400, 6, 8, '1.154', '2024-05-17 14:38:23', '2024-05-17 14:38:23'),
(401, 6, 8, '1.688', '2024-05-17 14:40:21', '2024-05-17 14:40:21'),
(402, 6, 8, '1.072', '2024-05-17 15:08:49', '2024-05-17 15:08:49'),
(403, 6, 8, '1.054', '2024-05-17 16:49:28', '2024-05-17 16:49:28'),
(404, 6, 8, '1.286', '2024-05-17 16:50:25', '2024-05-17 16:50:25'),
(405, 6, 8, '1.053', '2024-05-17 16:50:55', '2024-05-17 16:50:55'),
(406, 6, 8, '1.242', '2024-05-17 17:11:07', '2024-05-17 17:11:07'),
(407, 6, 8, '1.221', '2024-05-17 17:11:35', '2024-05-17 17:11:35'),
(408, 6, 8, '1.537', '2024-05-17 17:11:54', '2024-05-17 17:11:54'),
(409, 6, 8, '1.132', '2024-05-17 17:12:26', '2024-05-17 17:12:26'),
(410, 6, 8, '1.201', '2024-05-17 17:12:34', '2024-05-17 17:12:34'),
(411, 6, 8, '1.01', '2024-05-17 17:12:40', '2024-05-17 17:12:40'),
(412, 6, 8, '1.11', '2024-05-17 17:12:48', '2024-05-17 17:12:48'),
(413, 6, 8, '1.281', '2024-05-17 17:13:03', '2024-05-17 17:13:03'),
(414, 6, 8, '1.124', '2024-05-17 17:13:11', '2024-05-17 17:13:11'),
(415, 6, 8, '1.237', '2024-05-17 17:13:19', '2024-05-17 17:13:19'),
(416, 6, 8, '1.307', '2024-05-17 17:13:30', '2024-05-17 17:13:30'),
(417, 6, 8, '1.676', '2024-05-17 17:13:37', '2024-05-17 17:13:37'),
(418, 6, 8, '1.207', '2024-05-17 17:13:42', '2024-05-17 17:13:42'),
(419, 6, 8, '1.334', '2024-05-17 17:14:24', '2024-05-17 17:14:24'),
(420, 6, 8, '1.434', '2024-05-17 17:14:31', '2024-05-17 17:14:31'),
(421, 6, 8, '1.478', '2024-05-17 17:14:55', '2024-05-17 17:14:55'),
(422, 6, 8, '1.47', '2024-05-17 17:16:08', '2024-05-17 17:16:08'),
(423, 6, 8, '1.036', '2024-05-17 17:16:12', '2024-05-17 17:16:12'),
(424, 6, 8, '1.106', '2024-05-17 17:16:22', '2024-05-17 17:16:22'),
(425, 6, 8, '1.689', '2024-05-17 17:16:29', '2024-05-17 17:16:29'),
(426, 6, 8, '1.011', '2024-05-28 00:54:41', '2024-05-28 00:54:41'),
(427, 6, 8, '1.811', '2024-05-28 01:25:21', '2024-05-28 01:25:21'),
(428, 6, 8, '1.102', '2024-05-28 01:26:39', '2024-05-28 01:26:39'),
(429, 6, 8, '1.138', '2024-05-28 01:26:46', '2024-05-28 01:26:46'),
(430, 6, 8, '1.057', '2024-05-28 01:27:52', '2024-05-28 01:27:52'),
(431, 6, 8, '1.194', '2024-05-28 01:28:01', '2024-05-28 01:28:01'),
(432, 6, 8, '1.063', '2024-05-28 01:28:06', '2024-05-28 01:28:06'),
(433, 6, 8, '1.068', '2024-05-28 01:28:13', '2024-05-28 01:28:13'),
(434, 6, 8, '1.003', '2024-05-28 01:28:24', '2024-05-28 01:28:24'),
(435, 6, 8, '1.698', '2024-05-28 01:28:31', '2024-05-28 01:28:31'),
(436, 6, 8, '1.494', '2024-05-28 01:28:41', '2024-05-28 01:28:41'),
(437, 6, 8, '1.119', '2024-05-28 01:28:46', '2024-05-28 01:28:46'),
(438, 6, 8, '1.647', '2024-05-28 01:28:54', '2024-05-28 01:28:54'),
(439, 6, 8, '1.421', '2024-05-28 01:29:01', '2024-05-28 01:29:01'),
(440, 6, 8, '1.538', '2024-05-28 01:31:52', '2024-05-28 01:31:52'),
(441, 6, 8, '1.466', '2024-05-28 01:32:36', '2024-05-28 01:32:36'),
(442, 6, 8, '1.342', '2024-05-28 01:32:41', '2024-05-28 01:32:41'),
(443, 6, 8, '1.315', '2024-05-28 01:32:44', '2024-05-28 01:32:44'),
(444, 6, 8, '1.448', '2024-05-28 01:33:16', '2024-05-28 01:33:16'),
(445, 6, 8, '1.197', '2024-05-28 01:33:20', '2024-05-28 01:33:20'),
(446, 6, 8, '1.63', '2024-05-28 01:34:14', '2024-05-28 01:34:14'),
(447, 6, 8, '1.208', '2024-05-28 01:34:18', '2024-05-28 01:34:18'),
(448, 6, 8, '1.213', '2024-05-28 01:34:23', '2024-05-28 01:34:23'),
(449, 6, 8, '1.505', '2024-05-28 01:34:26', '2024-05-28 01:34:26'),
(450, 6, 8, '2.39', '2024-05-28 01:34:31', '2024-05-28 01:34:31'),
(451, 6, 8, '1.528', '2024-05-28 01:34:35', '2024-05-28 01:34:35'),
(452, 6, 8, '1.956', '2024-05-28 01:34:38', '2024-05-28 01:34:38'),
(453, 6, 8, '1.777', '2024-05-28 01:34:42', '2024-05-28 01:34:42'),
(454, 6, 8, '1.044', '2024-05-28 01:34:45', '2024-05-28 01:34:45'),
(455, 6, 8, '1.033', '2024-05-28 01:35:55', '2024-05-28 01:35:55'),
(456, 6, 8, '8.944', '2024-05-28 01:36:21', '2024-05-28 01:36:21'),
(457, 6, 8, '1.078', '2024-05-28 01:48:40', '2024-05-28 01:48:40'),
(458, 6, 8, '1.589', '2024-05-28 01:51:02', '2024-05-28 01:51:02'),
(459, 6, 8, '1.145', '2024-05-28 01:51:07', '2024-05-28 01:51:07'),
(460, 6, 8, '1.264', '2024-05-28 01:51:13', '2024-05-28 01:51:13'),
(461, 6, 8, '1.351', '2024-06-04 17:50:04', '2024-06-04 17:50:04'),
(462, 6, 8, '1.016', '2024-06-04 17:52:12', '2024-06-04 17:52:12'),
(463, 6, 8, '1.006', '2024-06-04 19:31:24', '2024-06-04 19:31:24'),
(464, 6, 8, '1.008', '2024-06-04 19:36:23', '2024-06-04 19:36:23'),
(465, 6, 8, '1.012', '2024-06-04 19:36:44', '2024-06-04 19:36:44'),
(466, 6, 8, '1.378', '2024-06-08 13:19:39', '2024-06-08 13:19:39'),
(467, 6, 8, '1.78', '2024-06-08 13:19:46', '2024-06-08 13:19:46'),
(468, 6, 8, '1.116', '2024-06-08 20:38:08', '2024-06-08 20:38:08'),
(469, 6, 8, '0.109', '2024-06-08 20:54:19', '2024-06-08 20:54:19'),
(470, 6, 8, '0.147', '2024-06-08 20:54:50', '2024-06-08 20:54:50'),
(471, 6, 8, '0.11', '2024-06-08 20:55:29', '2024-06-08 20:55:29'),
(472, 6, 8, '0.108', '2024-06-08 22:12:03', '2024-06-08 22:12:03'),
(473, 6, 8, '0.112', '2024-06-08 22:12:11', '2024-06-08 22:12:11'),
(474, 6, 8, '0.113', '2024-06-08 22:12:16', '2024-06-08 22:12:16'),
(475, 6, 8, '0.115', '2024-06-08 22:12:20', '2024-06-08 22:12:20'),
(476, 6, 8, '0.115', '2024-06-08 22:12:25', '2024-06-08 22:12:25'),
(477, 6, 8, '0.12', '2024-06-08 22:12:29', '2024-06-08 22:12:29'),
(478, 6, 8, '0.123', '2024-06-08 22:12:34', '2024-06-08 22:12:34'),
(479, 6, 8, '0.127', '2024-06-08 22:12:39', '2024-06-08 22:12:39'),
(480, 6, 8, '0.129', '2024-06-08 22:12:42', '2024-06-08 22:12:42'),
(481, 6, 8, '0.108', '2024-06-08 22:21:43', '2024-06-08 22:21:43'),
(482, 6, 8, '0.113', '2024-06-08 22:21:49', '2024-06-08 22:21:49'),
(483, 6, 8, '0.119', '2024-06-08 22:21:53', '2024-06-08 22:21:53'),
(484, 6, 8, '0.128', '2024-06-08 22:21:57', '2024-06-08 22:21:57'),
(485, 6, 8, '0.101', '2024-06-08 22:22:01', '2024-06-08 22:22:01'),
(486, 6, 8, '0.103', '2024-06-08 22:22:05', '2024-06-08 22:22:05'),
(487, 6, 8, '0.122', '2024-06-08 22:25:48', '2024-06-08 22:25:48'),
(488, 6, 8, '0.115', '2024-06-08 22:25:54', '2024-06-08 22:25:54'),
(489, 6, 8, '0.109', '2024-06-09 20:27:17', '2024-06-09 20:27:17'),
(490, 6, 8, '0.114', '2024-06-09 20:27:23', '2024-06-09 20:27:23'),
(491, 6, 8, '0.114', '2024-06-09 20:27:27', '2024-06-09 20:27:27'),
(492, 6, 8, '0.117', '2024-06-09 20:27:30', '2024-06-09 20:27:30'),
(493, 6, 8, '0.122', '2024-06-09 20:27:33', '2024-06-09 20:27:33'),
(494, 6, 8, '0.106', '2024-06-09 20:27:36', '2024-06-09 20:27:36'),
(495, 6, 8, '0.104', '2024-06-09 20:27:38', '2024-06-09 20:27:38'),
(496, 6, 8, '0.108', '2024-06-09 20:27:41', '2024-06-09 20:27:41'),
(497, 6, 8, '0.106', '2024-06-09 20:27:43', '2024-06-09 20:27:43'),
(498, 6, 8, '0.108', '2024-06-09 20:27:45', '2024-06-09 20:27:45'),
(499, 6, 8, '0.106', '2024-06-09 20:27:48', '2024-06-09 20:27:48'),
(500, 6, 8, '0.106', '2024-06-09 20:27:51', '2024-06-09 20:27:51'),
(501, 6, 8, '0.106', '2024-06-09 20:27:54', '2024-06-09 20:27:54'),
(502, 6, 8, '0.103', '2024-06-09 20:27:56', '2024-06-09 20:27:56'),
(503, 6, 8, '0.104', '2024-06-09 20:27:58', '2024-06-09 20:27:58'),
(504, 6, 8, '0.103', '2024-06-09 20:28:01', '2024-06-09 20:28:01'),
(505, 6, 8, '0.204', '2024-06-09 20:29:18', '2024-06-09 20:29:18'),
(506, 6, 8, '0.127', '2024-06-09 20:29:20', '2024-06-09 20:29:20'),
(507, 6, 8, '0.143', '2024-06-09 20:29:23', '2024-06-09 20:29:23'),
(508, 6, 8, '0.108', '2024-06-09 20:29:25', '2024-06-09 20:29:25'),
(509, 6, 8, '0.109', '2024-06-09 20:29:27', '2024-06-09 20:29:27'),
(510, 6, 8, '0.111', '2024-06-09 20:29:30', '2024-06-09 20:29:30'),
(511, 6, 8, '0.109', '2024-06-09 20:29:32', '2024-06-09 20:29:32'),
(512, 6, 8, '0.108', '2024-06-09 20:29:35', '2024-06-09 20:29:35'),
(513, 6, 8, '0.106', '2024-06-09 20:29:37', '2024-06-09 20:29:37'),
(514, 6, 8, '0.108', '2024-06-09 20:29:39', '2024-06-09 20:29:39'),
(515, 6, 8, '0.106', '2024-06-09 20:29:42', '2024-06-09 20:29:42'),
(516, 6, 8, '0.105', '2024-06-09 20:29:44', '2024-06-09 20:29:44'),
(517, 6, 8, '0.109', '2024-06-09 20:41:54', '2024-06-09 20:41:54'),
(518, 6, 8, '0.13', '2024-06-09 20:41:56', '2024-06-09 20:41:56'),
(519, 6, 8, '0.109', '2024-06-09 20:41:59', '2024-06-09 20:41:59'),
(520, 6, 8, '0.108', '2024-06-09 20:42:02', '2024-06-09 20:42:02'),
(521, 6, 8, '0.108', '2024-06-09 20:42:04', '2024-06-09 20:42:04'),
(522, 6, 8, '0.108', '2024-06-09 20:42:09', '2024-06-09 20:42:09'),
(523, 6, 8, '0.108', '2024-06-09 20:42:11', '2024-06-09 20:42:11'),
(524, 6, 8, '0.108', '2024-06-09 20:42:18', '2024-06-09 20:42:18'),
(525, 6, 8, '0.108', '2024-06-09 20:42:20', '2024-06-09 20:42:20'),
(526, 6, 8, '0.108', '2024-06-09 20:42:22', '2024-06-09 20:42:22'),
(527, 6, 8, '0.105', '2024-06-09 20:42:24', '2024-06-09 20:42:24'),
(528, 6, 8, '0.106', '2024-06-09 20:42:27', '2024-06-09 20:42:27'),
(529, 6, 8, '0.105', '2024-06-09 20:42:29', '2024-06-09 20:42:29'),
(530, 6, 8, '0.13', '2024-06-09 20:42:38', '2024-06-09 20:42:38'),
(531, 6, 8, '0.11', '2024-06-09 20:43:20', '2024-06-09 20:43:20'),
(532, 6, 8, '0.145', '2024-06-15 14:35:48', '2024-06-15 14:35:48'),
(533, 6, 8, '0.111', '2024-06-15 14:35:53', '2024-06-15 14:35:53'),
(534, 6, 8, '0.116', '2024-06-15 14:35:56', '2024-06-15 14:35:56'),
(535, 6, 8, '0.12', '2024-06-15 14:35:59', '2024-06-15 14:35:59'),
(536, 6, 8, '0.124', '2024-06-15 14:36:02', '2024-06-15 14:36:02'),
(537, 6, 8, '0.128', '2024-06-15 14:36:05', '2024-06-15 14:36:05'),
(538, 6, 8, '0.126', '2024-06-15 14:36:08', '2024-06-15 14:36:08'),
(539, 6, 8, '0.128', '2024-06-15 14:36:11', '2024-06-15 14:36:11'),
(540, 6, 8, '0.13', '2024-06-15 14:36:14', '2024-06-15 14:36:14'),
(541, 6, 8, '0.129', '2024-06-15 14:36:17', '2024-06-15 14:36:17'),
(542, 6, 8, '0.118', '2024-06-15 14:36:37', '2024-06-15 14:36:37'),
(543, 6, 8, '0.118', '2024-06-15 14:36:40', '2024-06-15 14:36:40'),
(544, 6, 8, '0.127', '2024-06-15 14:36:42', '2024-06-15 14:36:42'),
(545, 6, 8, '0.127', '2024-06-15 14:36:46', '2024-06-15 14:36:46'),
(546, 6, 8, '0.146', '2024-06-15 14:48:41', '2024-06-15 14:48:41'),
(547, 6, 8, '0.119', '2024-06-15 14:48:50', '2024-06-15 14:48:50'),
(548, 6, 8, '0.128', '2024-06-15 14:48:58', '2024-06-15 14:48:58'),
(549, 6, 8, '0.128', '2024-06-15 14:49:08', '2024-06-15 14:49:08'),
(550, 6, 8, '0.106', '2024-06-15 15:45:16', '2024-06-15 15:45:16'),
(551, 6, 8, '0.11', '2024-06-15 15:45:35', '2024-06-15 15:45:35');

--
-- Indexes for dumped tables
--

--
-- Indexes for table `failed_jobs`
--
ALTER TABLE `failed_jobs`
  ADD PRIMARY KEY (`id`),
  ADD UNIQUE KEY `failed_jobs_uuid_unique` (`uuid`);

--
-- Indexes for table `migrations`
--
ALTER TABLE `migrations`
  ADD PRIMARY KEY (`id`);

--
-- Indexes for table `password_resets`
--
ALTER TABLE `password_resets`
  ADD KEY `password_resets_email_index` (`email`);

--
-- Indexes for table `password_reset_tokens`
--
ALTER TABLE `password_reset_tokens`
  ADD PRIMARY KEY (`email`);

--
-- Indexes for table `personal_access_tokens`
--
ALTER TABLE `personal_access_tokens`
  ADD PRIMARY KEY (`id`),
  ADD UNIQUE KEY `personal_access_tokens_token_unique` (`token`),
  ADD KEY `personal_access_tokens_tokenable_type_tokenable_id_index` (`tokenable_type`,`tokenable_id`);

--
-- Indexes for table `users`
--
ALTER TABLE `users`
  ADD PRIMARY KEY (`id`),
  ADD UNIQUE KEY `users_email_unique` (`email`),
  ADD UNIQUE KEY `users_phone_unique` (`phone`);

--
-- Indexes for table `user_orders`
--
ALTER TABLE `user_orders`
  ADD PRIMARY KEY (`id`);

--
-- Indexes for table `user_watters`
--
ALTER TABLE `user_watters`
  ADD PRIMARY KEY (`id`);

--
-- Indexes for table `user_watter_usages`
--
ALTER TABLE `user_watter_usages`
  ADD PRIMARY KEY (`id`);

--
-- AUTO_INCREMENT for dumped tables
--

--
-- AUTO_INCREMENT for table `failed_jobs`
--
ALTER TABLE `failed_jobs`
  MODIFY `id` bigint(20) UNSIGNED NOT NULL AUTO_INCREMENT;

--
-- AUTO_INCREMENT for table `migrations`
--
ALTER TABLE `migrations`
  MODIFY `id` int(10) UNSIGNED NOT NULL AUTO_INCREMENT, AUTO_INCREMENT=11;

--
-- AUTO_INCREMENT for table `personal_access_tokens`
--
ALTER TABLE `personal_access_tokens`
  MODIFY `id` bigint(20) UNSIGNED NOT NULL AUTO_INCREMENT;

--
-- AUTO_INCREMENT for table `users`
--
ALTER TABLE `users`
  MODIFY `id` bigint(20) UNSIGNED NOT NULL AUTO_INCREMENT, AUTO_INCREMENT=22;

--
-- AUTO_INCREMENT for table `user_orders`
--
ALTER TABLE `user_orders`
  MODIFY `id` bigint(20) UNSIGNED NOT NULL AUTO_INCREMENT, AUTO_INCREMENT=28;

--
-- AUTO_INCREMENT for table `user_watters`
--
ALTER TABLE `user_watters`
  MODIFY `id` bigint(20) UNSIGNED NOT NULL AUTO_INCREMENT, AUTO_INCREMENT=24;

--
-- AUTO_INCREMENT for table `user_watter_usages`
--
ALTER TABLE `user_watter_usages`
  MODIFY `id` bigint(20) UNSIGNED NOT NULL AUTO_INCREMENT, AUTO_INCREMENT=552;
COMMIT;

/*!40101 SET CHARACTER_SET_CLIENT=@OLD_CHARACTER_SET_CLIENT */;
/*!40101 SET CHARACTER_SET_RESULTS=@OLD_CHARACTER_SET_RESULTS */;
/*!40101 SET COLLATION_CONNECTION=@OLD_COLLATION_CONNECTION */;
